phase (degrees), delay (ns), EO Modulated (V), Un Modulatoed/Reference (V)
576.0, 0.0, 0.18400000873953104, 0.16994286521470972
576.0, 0.0, 0.16880000801756978, 0.1704000080935657
576.0, 0.0, 0.16982857949499572, 0.17074286525270768
576.0, 0.0, 0.1682285794189998, 0.1704000080935657
576.0, 0.0, 0.16914286517671176, 0.1704000080935657
576.022, 0.0007521367521384002, 0.1684571508584278, 0.17302857964698756
576.022, 0.0007521367521384002, 0.16891429373728378, 0.1709714366921357
576.022, 0.0007521367521384002, 0.17120000813156366, 0.17268572248784558
576.022, 0.0007521367521384002, 0.17120000813156366, 0.16937143661613976
576.022, 0.0007521367521384002, 0.16960000805556774, 0.1729142939272736
576.044, 0.0015042735042729136, 0.17142857957099164, 0.1725714367681316
576.044, 0.0015042735042729136, 0.17360000824555755, 0.17600000835955143
576.044, 0.0015042735042729136, 0.17394286540469953, 0.1722285796089896
576.044, 0.0015042735042729136, 0.17165715101041965, 0.17177143673013365
576.044, 0.0015042735042729136, 0.17165715101041965, 0.17085715097242168
576.066, 0.002256410256411314, 0.1709714366921357, 0.17280000820755959
576.066, 0.002256410256411314, 0.17268572248784558, 0.17154286529070564
576.066, 0.002256410256411314, 0.16925715089642576, 0.17200000816956162
576.066, 0.002256410256411314, 0.16937143661613976, 0.16971429377528174
576.066, 0.002256410256411314, 0.17131429385127767, 0.17325715108641557
576.088, 0.003008547008545827, 0.17508572260183947, 0.17017143665413773
576.088, 0.003008547008545827, 0.17108572241184966, 0.17382857968498552
576.088, 0.003008547008545827, 0.17268572248784558, 0.1747428654426975
576.088, 0.003008547008545827, 0.1749714368821255, 0.17005715093442372
576.088, 0.003008547008545827, 0.17577143692012345, 0.16960000805556774
576.11, 0.0037606837606842273, 0.1725714367681316, 0.17200000816956162
576.11, 0.0037606837606842273, 0.17360000824555755, 0.1748571511624115
576.11, 0.0037606837606842273, 0.17371429396527155, 0.17165715101041965
576.11, 0.0037606837606842273, 0.17417143684412753, 0.1705142938132797
576.11, 0.0037606837606842273, 0.17405715112441353, 0.17188572244984762
576.132, 0.004512820512818741, 0.1749714368821255, 0.17154286529070564
576.132, 0.004512820512818741, 0.17600000835955143, 0.1724571510484176
576.132, 0.004512820512818741, 0.17302857964698756, 0.1722285796089896
576.132, 0.004512820512818741, 0.17531429404126747, 0.17177143673013365
576.132, 0.004512820512818741, 0.17588572263983743, 0.17165715101041965
576.154, 0.005264957264957141, 0.1745142940032695, 0.16971429377528174
576.154, 0.005264957264957141, 0.1745142940032695, 0.1747428654426975
576.154, 0.005264957264957141, 0.17508572260183947, 0.17394286540469953
576.154, 0.005264957264957141, 0.17211429388927563, 0.1745142940032695
576.154, 0.005264957264957141, 0.17611429407926543, 0.1705142938132797
576.176, 0.006017094017095541, 0.17280000820755959, 0.16960000805556774
576.176, 0.006017094017095541, 0.1709714366921357, 0.16811429369928582
576.176, 0.006017094017095541, 0.17314286536670156, 0.1705142938132797
576.176, 0.006017094017095541, 0.17074286525270768, 0.17062857953299368
576.176, 0.006017094017095541, 0.1702857223738517, 0.17142857957099164
576.198, 0.006769230769230055, 0.16937143661613976, 0.1722285796089896
576.198, 0.006769230769230055, 0.16971429377528174, 0.17337143680612957
576.198, 0.006769230769230055, 0.17165715101041965, 0.17074286525270768
576.198, 0.006769230769230055, 0.17074286525270768, 0.17200000816956162
576.198, 0.006769230769230055, 0.17017143665413773, 0.17142857957099164
576.22, 0.007521367521368455, 0.17074286525270768, 0.1729142939272736
576.22, 0.007521367521368455, 0.16914286517671176, 0.17005715093442372
576.22, 0.007521367521368455, 0.17085715097242168, 0.17268572248784558
576.22, 0.007521367521368455, 0.16800000797957182, 0.16754286510071584
576.22, 0.007521367521368455, 0.16948572233585374, 0.16982857949499572
576.242, 0.008273504273502968, 0.16994286521470972, 0.17302857964698756
576.242, 0.008273504273502968, 0.1722285796089896, 0.1704000080935657
576.242, 0.008273504273502968, 0.16914286517671176, 0.16948572233585374
576.242, 0.008273504273502968, 0.16765715082042984, 0.16948572233585374
576.242, 0.008273504273502968, 0.17200000816956162, 0.17062857953299368
576.264, 0.009025641025641368, 0.17131429385127767, 0.16937143661613976
576.264, 0.009025641025641368, 0.17280000820755959, 0.16868572229785578
576.264, 0.009025641025641368, 0.17120000813156366, 0.16994286521470972
576.264, 0.009025641025641368, 0.16960000805556774, 0.17074286525270768
576.264, 0.009025641025641368, 0.17074286525270768, 0.16925715089642576
576.286, 0.009777777777775882, 0.17382857968498552, 0.17325715108641557
576.286, 0.009777777777775882, 0.17154286529070564, 0.17074286525270768
576.286, 0.009777777777775882, 0.17302857964698756, 0.16948572233585374
576.286, 0.009777777777775882, 0.17177143673013365, 0.16937143661613976
576.286, 0.009777777777775882, 0.17142857957099164, 0.17062857953299368
576.308, 0.010529914529914282, 0.1725714367681316, 0.16788572225985782
576.308, 0.010529914529914282, 0.1729142939272736, 0.17120000813156366
576.308, 0.010529914529914282, 0.17177143673013365, 0.17142857957099164
576.308, 0.010529914529914282, 0.17120000813156366, 0.16914286517671176
576.308, 0.010529914529914282, 0.17200000816956162, 0.16982857949499572
576.33, 0.011282051282052683, 0.17085715097242168, 0.1704000080935657
576.33, 0.011282051282052683, 0.1684571508584278, 0.16960000805556774
576.33, 0.011282051282052683, 0.17314286536670156, 0.17302857964698756
576.33, 0.011282051282052683, 0.16971429377528174, 0.16891429373728378
576.33, 0.011282051282052683, 0.1683428651387138, 0.1722285796089896
576.352, 0.012034188034187196, 0.16971429377528174, 0.17211429388927563
576.352, 0.012034188034187196, 0.16925715089642576, 0.17188572244984762
576.352, 0.012034188034187196, 0.16902857945699776, 0.17085715097242168
576.352, 0.012034188034187196, 0.17074286525270768, 0.1723428653287036
576.352, 0.012034188034187196, 0.17005715093442372, 0.1704000080935657
576.374, 0.012786324786325597, 0.16800000797957182, 0.1709714366921357
576.374, 0.012786324786325597, 0.1705142938132797, 0.17280000820755959
576.374, 0.012786324786325597, 0.1725714367681316, 0.1729142939272736
576.374, 0.012786324786325597, 0.17017143665413773, 0.16925715089642576
576.374, 0.012786324786325597, 0.1722285796089896, 0.17165715101041965
576.396, 0.01353846153846011, 0.17154286529070564, 0.17188572244984762
576.396, 0.01353846153846011, 0.17017143665413773, 0.17120000813156366
576.396, 0.01353846153846011, 0.17108572241184966, 0.17131429385127767
576.396, 0.01353846153846011, 0.17154286529070564, 0.1702857223738517
576.396, 0.01353846153846011, 0.1705142938132797, 0.1725714367681316
576.418, 0.01429059829059851, 0.17074286525270768, 0.17165715101041965
576.418, 0.01429059829059851, 0.17188572244984762, 0.1722285796089896
576.418, 0.01429059829059851, 0.17074286525270768, 0.17280000820755959
576.418, 0.01429059829059851, 0.17200000816956162, 0.17062857953299368
576.418, 0.01429059829059851, 0.17165715101041965, 0.1705142938132797
576.44, 0.01504273504273691, 0.17211429388927563, 0.17062857953299368
576.44, 0.01504273504273691, 0.16925715089642576, 0.17337143680612957
576.44, 0.01504273504273691, 0.17200000816956162, 0.17177143673013365
576.44, 0.01504273504273691, 0.1702857223738517, 0.17074286525270768
576.44, 0.01504273504273691, 0.17085715097242168, 0.1725714367681316
576.462, 0.015794871794871424, 0.17005715093442372, 0.17314286536670156
576.462, 0.015794871794871424, 0.16994286521470972, 0.17211429388927563
576.462, 0.015794871794871424, 0.16902857945699776, 0.17188572244984762
576.462, 0.015794871794871424, 0.17062857953299368, 0.1723428653287036
576.462, 0.015794871794871424, 0.16880000801756978, 0.17200000816956162
576.484, 0.016547008547009825, 0.16982857949499572, 0.17314286536670156
576.484, 0.016547008547009825, 0.16708572222185986, 0.1745142940032695
576.484, 0.016547008547009825, 0.16891429373728378, 0.17131429385127767
576.484, 0.016547008547009825, 0.16902857945699776, 0.17314286536670156
576.484, 0.016547008547009825, 0.16902857945699776, 0.17177143673013365
576.506, 0.017299145299144336, 0.16880000801756978, 0.17177143673013365
576.506, 0.017299145299144336, 0.16971429377528174, 0.17531429404126747
576.506, 0.017299145299144336, 0.16560000786557794, 0.1705142938132797
576.506, 0.017299145299144336, 0.16994286521470972, 0.1709714366921357
576.506, 0.017299145299144336, 0.1683428651387138, 0.1702857223738517
576.528, 0.018051282051282737, 0.16971429377528174, 0.1704000080935657
576.528, 0.018051282051282737, 0.1684571508584278, 0.17188572244984762
576.528, 0.018051282051282737, 0.1683428651387138, 0.17337143680612957
576.528, 0.018051282051282737, 0.16811429369928582, 0.17142857957099164
576.528, 0.018051282051282737, 0.16594286502471992, 0.16902857945699776
576.55, 0.01880341880341725, 0.17314286536670156, 0.17005715093442372
576.55, 0.01880341880341725, 0.1722285796089896, 0.17200000816956162
576.55, 0.01880341880341725, 0.16971429377528174, 0.17177143673013365
576.55, 0.01880341880341725, 0.17188572244984762, 0.1704000080935657
576.55, 0.01880341880341725, 0.17177143673013365, 0.16902857945699776
576.572, 0.019555555555555652, 0.1729142939272736, 0.17268572248784558
576.572, 0.019555555555555652, 0.17120000813156366, 0.1725714367681316
576.572, 0.019555555555555652, 0.17177143673013365, 0.1702857223738517
576.572, 0.019555555555555652, 0.17394286540469953, 0.17074286525270768
576.572, 0.019555555555555652, 0.17154286529070564, 0.16960000805556774
576.594, 0.02030769230769405, 0.17702857983697737, 0.1729142939272736
576.594, 0.02030769230769405, 0.1768000083975494, 0.16982857949499572
576.594, 0.02030769230769405, 0.1742857225638415, 0.16971429377528174
576.594, 0.02030769230769405, 0.17360000824555755, 0.16994286521470972
576.594, 0.02030769230769405, 0.17348572252584354, 0.17142857957099164
576.616, 0.021059829059828564, 0.17382857968498552, 0.17142857957099164
576.616, 0.021059829059828564, 0.17302857964698756, 0.1704000080935657
576.616, 0.021059829059828564, 0.1729142939272736, 0.17165715101041965
576.616, 0.021059829059828564, 0.1782857227538313, 0.16960000805556774
576.616, 0.021059829059828564, 0.17337143680612957, 0.1725714367681316
576.638, 0.021811965811966965, 0.17508572260183947, 0.17142857957099164
576.638, 0.021811965811966965, 0.1729142939272736, 0.17120000813156366
576.638, 0.021811965811966965, 0.1765714369581214, 0.1723428653287036
576.638, 0.021811965811966965, 0.17588572263983743, 0.1702857223738517
576.638, 0.021811965811966965, 0.1748571511624115, 0.1725714367681316
576.66, 0.022564102564101476, 0.17405715112441353, 0.17005715093442372
576.66, 0.022564102564101476, 0.17554286548069545, 0.16971429377528174
576.66, 0.022564102564101476, 0.17405715112441353, 0.1704000080935657
576.66, 0.022564102564101476, 0.1766857226778354, 0.17268572248784558
576.66, 0.022564102564101476, 0.1766857226778354, 0.17017143665413773
576.682, 0.023316239316239877, 0.17280000820755959, 0.16960000805556774
576.682, 0.023316239316239877, 0.1747428654426975, 0.1682285794189998
576.682, 0.023316239316239877, 0.17325715108641557, 0.17085715097242168
576.682, 0.023316239316239877, 0.1762285797989794, 0.17005715093442372
576.682, 0.023316239316239877, 0.17531429404126747, 0.17165715101041965
576.704, 0.024068376068374392, 0.17085715097242168, 0.17154286529070564
576.704, 0.024068376068374392, 0.17577143692012345, 0.16891429373728378
576.704, 0.024068376068374392, 0.17280000820755959, 0.16914286517671176
576.704, 0.024068376068374392, 0.16971429377528174, 0.17280000820755959
576.704, 0.024068376068374392, 0.17280000820755959, 0.16754286510071584
576.726, 0.024820512820512793, 0.17600000835955143, 0.1724571510484176
576.726, 0.024820512820512793, 0.1722285796089896, 0.17131429385127767
576.726, 0.024820512820512793, 0.1729142939272736, 0.17120000813156366
576.726, 0.024820512820512793, 0.17382857968498552, 0.1725714367681316
576.726, 0.024820512820512793, 0.17462857972298348, 0.17085715097242168
576.748, 0.025572649572651193, 0.1682285794189998, 0.1705142938132797
576.748, 0.025572649572651193, 0.17325715108641557, 0.16937143661613976
576.748, 0.025572649572651193, 0.17131429385127767, 0.1704000080935657
576.748, 0.025572649572651193, 0.1684571508584278, 0.17200000816956162
576.748, 0.025572649572651193, 0.17142857957099164, 0.17062857953299368
576.77, 0.026324786324785705, 0.17348572252584354, 0.17085715097242168
576.77, 0.026324786324785705, 0.16982857949499572, 0.17154286529070564
576.77, 0.026324786324785705, 0.16925715089642576, 0.17382857968498552
576.77, 0.026324786324785705, 0.17108572241184966, 0.1723428653287036
576.77, 0.026324786324785705, 0.1722285796089896, 0.17371429396527155
576.792, 0.027076923076924105, 0.17005715093442372, 0.17085715097242168
576.792, 0.027076923076924105, 0.17108572241184966, 0.17165715101041965
576.792, 0.027076923076924105, 0.16960000805556774, 0.17142857957099164
576.792, 0.027076923076924105, 0.1724571510484176, 0.17417143684412753
576.792, 0.027076923076924105, 0.16960000805556774, 0.17108572241184966
576.814, 0.02782905982905862, 0.17302857964698756, 0.1722285796089896
576.814, 0.02782905982905862, 0.16925715089642576, 0.17200000816956162
576.814, 0.02782905982905862, 0.17508572260183947, 0.16971429377528174
576.814, 0.02782905982905862, 0.1745142940032695, 0.17177143673013365
576.814, 0.02782905982905862, 0.1723428653287036, 0.17314286536670156
576.836, 0.02858119658119702, 0.17417143684412753, 0.17280000820755959
576.836, 0.02858119658119702, 0.17314286536670156, 0.1705142938132797
576.836, 0.02858119658119702, 0.17200000816956162, 0.17108572241184966
576.836, 0.02858119658119702, 0.17394286540469953, 0.17417143684412753
576.836, 0.02858119658119702, 0.17325715108641557, 0.17200000816956162
576.858, 0.029333333333331532, 0.17520000832155347, 0.1723428653287036
576.858, 0.029333333333331532, 0.17554286548069545, 0.17462857972298348
576.858, 0.029333333333331532, 0.1749714368821255, 0.17165715101041965
576.858, 0.029333333333331532, 0.1724571510484176, 0.17348572252584354
576.858, 0.029333333333331532, 0.17542857976098145, 0.1729142939272736
576.88, 0.030085470085469933, 0.17542857976098145, 0.17348572252584354
576.88, 0.030085470085469933, 0.17337143680612957, 0.1709714366921357
576.88, 0.030085470085469933, 0.17508572260183947, 0.17302857964698756
576.88, 0.030085470085469933, 0.1725714367681316, 0.17131429385127767
576.88, 0.030085470085469933, 0.17200000816956162, 0.17165715101041965
576.902, 0.030837606837608333, 0.16925715089642576, 0.17142857957099164
576.902, 0.030837606837608333, 0.17360000824555755, 0.17074286525270768
576.902, 0.030837606837608333, 0.17360000824555755, 0.1725714367681316
576.902, 0.030837606837608333, 0.1749714368821255, 0.17108572241184966
576.902, 0.030837606837608333, 0.17005715093442372, 0.17005715093442372
576.924, 0.03158974358974285, 0.16937143661613976, 0.17177143673013365
576.924, 0.03158974358974285, 0.17085715097242168, 0.17211429388927563
576.924, 0.03158974358974285, 0.16788572225985782, 0.17017143665413773
576.924, 0.03158974358974285, 0.1742857225638415, 0.17360000824555755
576.924, 0.03158974358974285, 0.17348572252584354, 0.17508572260183947
576.946, 0.03234188034188125, 0.1682285794189998, 0.1724571510484176
576.946, 0.03234188034188125, 0.17062857953299368, 0.17188572244984762
576.946, 0.03234188034188125, 0.16720000794157386, 0.17074286525270768
576.946, 0.03234188034188125, 0.16925715089642576, 0.17371429396527155
576.946, 0.03234188034188125, 0.16811429369928582, 0.17360000824555755
576.968, 0.03309401709401576, 0.16914286517671176, 0.17131429385127767
576.968, 0.03309401709401576, 0.16891429373728378, 0.17005715093442372
576.968, 0.03309401709401576, 0.16925715089642576, 0.1747428654426975
576.968, 0.03309401709401576, 0.16765715082042984, 0.17280000820755959
576.968, 0.03309401709401576, 0.16971429377528174, 0.17108572241184966
576.99, 0.03384615384615416, 0.16685715078243188, 0.17211429388927563
576.99, 0.03384615384615416, 0.16560000786557794, 0.16914286517671176
576.99, 0.03384615384615416, 0.1658285793050059, 0.17074286525270768
576.99, 0.03384615384615416, 0.16525715070643596, 0.17188572244984762
576.99, 0.03384615384615416, 0.16537143642614996, 0.17200000816956162
577.012, 0.03459829059828867, 0.16308572203187005, 0.17108572241184966
577.012, 0.03459829059828867, 0.16537143642614996, 0.1724571510484176
577.012, 0.03459829059828867, 0.16491429354729398, 0.17108572241184966
577.012, 0.03459829059828867, 0.16411429350929602, 0.16948572233585374
577.012, 0.03459829059828867, 0.16891429373728378, 0.1729142939272736
577.034, 0.03535042735042707, 0.16685715078243188, 0.1704000080935657
577.034, 0.03535042735042707, 0.16148572195587413, 0.1729142939272736
577.034, 0.03535042735042707, 0.16560000786557794, 0.17200000816956162
577.034, 0.03535042735042707, 0.16320000775158405, 0.17074286525270768
577.034, 0.03535042735042707, 0.16754286510071584, 0.17154286529070564
577.056, 0.036102564102565474, 0.163885722069868, 0.17017143665413773
577.056, 0.036102564102565474, 0.16308572203187005, 0.17177143673013365
577.056, 0.036102564102565474, 0.16491429354729398, 0.17268572248784558
577.056, 0.036102564102565474, 0.16480000782757998, 0.17302857964698756
577.056, 0.036102564102565474, 0.16594286502471992, 0.16788572225985782
577.078, 0.03685470085469999, 0.17417143684412753, 0.17165715101041965
577.078, 0.03685470085469999, 0.1664000079035759, 0.17074286525270768
577.078, 0.03685470085469999, 0.1625142934333001, 0.17177143673013365
577.078, 0.03685470085469999, 0.1709714366921357, 0.17211429388927563
577.078, 0.03685470085469999, 0.16811429369928582, 0.17188572244984762
577.1, 0.03760683760683839, 0.17600000835955143, 0.17120000813156366
577.1, 0.03760683760683839, 0.17062857953299368, 0.17074286525270768
577.1, 0.03760683760683839, 0.17725715127640537, 0.1725714367681316
577.1, 0.03760683760683839, 0.17017143665413773, 0.17154286529070564
577.1, 0.03760683760683839, 0.1682285794189998, 0.17108572241184966
577.122, 0.038358974358972904, 0.1768000083975494, 0.1705142938132797
577.122, 0.038358974358972904, 0.18125715146639518, 0.17348572252584354
577.122, 0.038358974358972904, 0.1748571511624115, 0.17108572241184966
577.122, 0.038358974358972904, 0.17337143680612957, 0.17074286525270768
577.122, 0.038358974358972904, 0.1789714370721153, 0.17005715093442372
577.144, 0.039111111111111305, 0.1802285799889692, 0.17314286536670156
577.144, 0.039111111111111305, 0.1725714367681316, 0.17062857953299368
577.144, 0.039111111111111305, 0.1782857227538313, 0.17085715097242168
577.144, 0.039111111111111305, 0.17702857983697737, 0.16960000805556774
577.144, 0.039111111111111305, 0.18125715146639518, 0.17188572244984762
577.166, 0.0398632478632497, 0.17714286555669137, 0.1725714367681316
577.166, 0.0398632478632497, 0.1766857226778354, 0.1704000080935657
577.166, 0.0398632478632497, 0.1787428656326873, 0.1709714366921357
577.166, 0.0398632478632497, 0.1786285799129733, 0.17131429385127767
577.166, 0.0398632478632497, 0.18125715146639518, 0.17131429385127767
577.188, 0.04061538461538421, 0.17725715127640537, 0.16948572233585374
577.188, 0.04061538461538421, 0.17702857983697737, 0.1724571510484176
577.188, 0.04061538461538421, 0.17531429404126747, 0.16868572229785578
577.188, 0.04061538461538421, 0.1769142941172634, 0.16902857945699776
577.188, 0.04061538461538421, 0.1763428655186934, 0.17211429388927563
577.21, 0.041367521367522614, 0.1763428655186934, 0.17200000816956162
577.21, 0.041367521367522614, 0.1769142941172634, 0.17142857957099164
577.21, 0.041367521367522614, 0.1782857227538313, 0.17211429388927563
577.21, 0.041367521367522614, 0.17725715127640537, 0.17005715093442372
577.21, 0.041367521367522614, 0.17600000835955143, 0.1722285796089896
577.232, 0.04211965811965713, 0.17280000820755959, 0.16880000801756978
577.232, 0.04211965811965713, 0.17325715108641557, 0.16777143654014384
577.232, 0.04211965811965713, 0.16925715089642576, 0.17005715093442372
577.232, 0.04211965811965713, 0.17405715112441353, 0.16971429377528174
577.232, 0.04211965811965713, 0.17120000813156366, 0.16754286510071584
577.254, 0.04287179487179553, 0.1722285796089896, 0.16765715082042984
577.254, 0.04287179487179553, 0.1705142938132797, 0.16948572233585374
577.254, 0.04287179487179553, 0.17508572260183947, 0.16891429373728378
577.254, 0.04287179487179553, 0.1664000079035759, 0.1683428651387138
577.254, 0.04287179487179553, 0.16982857949499572, 0.16720000794157386
577.276, 0.043623931623930044, 0.16960000805556774, 0.16788572225985782
577.276, 0.043623931623930044, 0.1705142938132797, 0.17108572241184966
577.276, 0.043623931623930044, 0.16937143661613976, 0.17120000813156366
577.276, 0.043623931623930044, 0.16868572229785578, 0.16662857934300387
577.276, 0.043623931623930044, 0.1664000079035759, 0.16925715089642576
577.298, 0.044376068376068445, 0.16937143661613976, 0.1684571508584278
577.298, 0.044376068376068445, 0.1704000080935657, 0.17005715093442372
577.298, 0.044376068376068445, 0.17062857953299368, 0.16788572225985782
577.298, 0.044376068376068445, 0.16868572229785578, 0.17085715097242168
577.298, 0.044376068376068445, 0.16880000801756978, 0.17154286529070564
577.32, 0.045128205128206846, 0.1664000079035759, 0.1683428651387138
577.32, 0.045128205128206846, 0.16731429366128786, 0.16697143650214588
577.32, 0.045128205128206846, 0.1682285794189998, 0.16925715089642576
577.32, 0.045128205128206846, 0.16777143654014384, 0.16731429366128786
577.32, 0.045128205128206846, 0.16914286517671176, 0.1709714366921357
577.342, 0.04588034188034135, 0.16571429358529194, 0.1682285794189998
577.342, 0.04588034188034135, 0.16274286487272807, 0.16868572229785578
577.342, 0.04588034188034135, 0.16262857915301407, 0.16880000801756978
577.342, 0.04588034188034135, 0.163885722069868, 0.16765715082042984
577.342, 0.04588034188034135, 0.16491429354729398, 0.16937143661613976
577.364, 0.046632478632479754, 0.16068572191787617, 0.16720000794157386
577.364, 0.046632478632479754, 0.16320000775158405, 0.1665142936232899
577.364, 0.046632478632479754, 0.16331429347129806, 0.17017143665413773
577.364, 0.046632478632479754, 0.1619428648347301, 0.16880000801756978
577.364, 0.046632478632479754, 0.16308572203187005, 0.16960000805556774
577.386, 0.04738461538461427, 0.16171429339530213, 0.16742857938100184
577.386, 0.04738461538461427, 0.15954286472073623, 0.16662857934300387
577.386, 0.04738461538461427, 0.16297143631215608, 0.16708572222185986
577.386, 0.04738461538461427, 0.16571429358529194, 0.1704000080935657
577.386, 0.04738461538461427, 0.16125715051644615, 0.16662857934300387
577.408, 0.04813675213675267, 0.16720000794157386, 0.16811429369928582
577.408, 0.04813675213675267, 0.16937143661613976, 0.16891429373728378
577.408, 0.04813675213675267, 0.16662857934300387, 0.16937143661613976
577.408, 0.04813675213675267, 0.164571436388152, 0.1664000079035759
577.408, 0.04813675213675267, 0.16491429354729398, 0.1683428651387138
577.43, 0.048888888888887184, 0.1658285793050059, 0.17017143665413773
577.43, 0.048888888888887184, 0.16697143650214588, 0.16788572225985782
577.43, 0.048888888888887184, 0.16720000794157386, 0.16594286502471992
577.43, 0.048888888888887184, 0.1685714365781418, 0.16742857938100184
577.43, 0.048888888888887184, 0.16914286517671176, 0.1685714365781418
577.452, 0.049641025641025585, 0.16800000797957182, 0.16800000797957182
577.452, 0.049641025641025585, 0.16662857934300387, 0.1665142936232899
577.452, 0.049641025641025585, 0.16788572225985782, 0.16708572222185986
577.452, 0.049641025641025585, 0.16720000794157386, 0.16560000786557794
577.452, 0.049641025641025585, 0.16994286521470972, 0.16685715078243188
577.474, 0.050393162393163986, 0.16880000801756978, 0.16502857926700795
577.474, 0.050393162393163986, 0.16880000801756978, 0.16708572222185986
577.474, 0.050393162393163986, 0.16777143654014384, 0.16948572233585374
577.474, 0.050393162393163986, 0.16571429358529194, 0.1685714365781418
577.474, 0.050393162393163986, 0.1702857223738517, 0.16617143646414792
577.496, 0.0511452991452985, 0.16948572233585374, 0.16514286498672195
577.496, 0.0511452991452985, 0.16994286521470972, 0.17005715093442372
577.496, 0.0511452991452985, 0.1702857223738517, 0.16925715089642576
577.496, 0.0511452991452985, 0.1702857223738517, 0.16685715078243188
577.496, 0.0511452991452985, 0.16754286510071584, 0.1658285793050059
577.518, 0.051897435897436894, 0.17154286529070564, 0.16571429358529194
577.518, 0.051897435897436894, 0.16754286510071584, 0.16708572222185986
577.518, 0.051897435897436894, 0.16765715082042984, 0.16594286502471992
577.518, 0.051897435897436894, 0.17017143665413773, 0.16742857938100184
577.518, 0.051897435897436894, 0.16891429373728378, 0.16662857934300387
577.54, 0.05264957264957141, 0.1709714366921357, 0.1662857221838619
577.54, 0.05264957264957141, 0.17131429385127767, 0.1685714365781418
577.54, 0.05264957264957141, 0.17085715097242168, 0.16742857938100184
577.54, 0.05264957264957141, 0.16788572225985782, 0.16502857926700795
577.54, 0.05264957264957141, 0.16925715089642576, 0.16742857938100184
577.562, 0.05340170940170981, 0.16902857945699776, 0.16491429354729398
577.562, 0.05340170940170981, 0.16960000805556774, 0.16765715082042984
577.562, 0.05340170940170981, 0.16697143650214588, 0.16708572222185986
577.562, 0.05340170940170981, 0.16960000805556774, 0.16788572225985782
577.562, 0.05340170940170981, 0.16754286510071584, 0.16685715078243188
577.584, 0.054153846153844325, 0.16662857934300387, 0.16868572229785578
577.584, 0.054153846153844325, 0.16811429369928582, 0.16697143650214588
577.584, 0.054153846153844325, 0.16742857938100184, 0.1684571508584278
577.584, 0.054153846153844325, 0.16742857938100184, 0.16617143646414792
577.584, 0.054153846153844325, 0.16765715082042984, 0.16662857934300387
577.606, 0.054905982905982725, 0.16560000786557794, 0.1682285794189998
577.606, 0.054905982905982725, 0.1662857221838619, 0.16731429366128786
577.606, 0.054905982905982725, 0.16800000797957182, 0.1658285793050059
577.606, 0.054905982905982725, 0.164457150668438, 0.16754286510071584
577.606, 0.054905982905982725, 0.17142857957099164, 0.16662857934300387
577.628, 0.055658119658121126, 0.164457150668438, 0.16754286510071584
577.628, 0.055658119658121126, 0.17085715097242168, 0.16571429358529194
577.628, 0.055658119658121126, 0.16617143646414792, 0.164571436388152
577.628, 0.055658119658121126, 0.16480000782757998, 0.16662857934300387
577.628, 0.055658119658121126, 0.16491429354729398, 0.16491429354729398
577.65, 0.05641025641025564, 0.16342857919101203, 0.16662857934300387
577.65, 0.05641025641025564, 0.16754286510071584, 0.16468572210786597
577.65, 0.05641025641025564, 0.1664000079035759, 0.16914286517671176
577.65, 0.05641025641025564, 0.16674286506271788, 0.16891429373728378
577.65, 0.05641025641025564, 0.1664000079035759, 0.16880000801756978
577.672, 0.05716239316239404, 0.16331429347129806, 0.16468572210786597
577.672, 0.05716239316239404, 0.1665142936232899, 0.164457150668438
577.672, 0.05716239316239404, 0.16480000782757998, 0.16880000801756978
577.672, 0.05716239316239404, 0.16571429358529194, 0.16422857922901
577.672, 0.05716239316239404, 0.16571429358529194, 0.1658285793050059
577.694, 0.05791452991452855, 0.1658285793050059, 0.1704000080935657
577.694, 0.05791452991452855, 0.16662857934300387, 0.1683428651387138
577.694, 0.05791452991452855, 0.16571429358529194, 0.1658285793050059
577.694, 0.05791452991452855, 0.16685715078243188, 0.1665142936232899
577.694, 0.05791452991452855, 0.16754286510071584, 0.16788572225985782
577.716, 0.05866666666666695, 0.1620571505544441, 0.16674286506271788
577.716, 0.05866666666666695, 0.16514286498672195, 0.16468572210786597
577.716, 0.05866666666666695, 0.16788572225985782, 0.16720000794157386
577.716, 0.05866666666666695, 0.16697143650214588, 0.16765715082042984
577.716, 0.05866666666666695, 0.16480000782757998, 0.16685715078243188
577.738, 0.05941880341880535, 0.1658285793050059, 0.16571429358529194
577.738, 0.05941880341880535, 0.16377143635015404, 0.16971429377528174
577.738, 0.05941880341880535, 0.1619428648347301, 0.16605715074443392
577.738, 0.05941880341880535, 0.16411429350929602, 0.16560000786557794
577.738, 0.05941880341880535, 0.16525715070643596, 0.16662857934300387
577.76, 0.060170940170939866, 0.1664000079035759, 0.16925715089642576
577.76, 0.060170940170939866, 0.16422857922901, 0.1658285793050059
577.76, 0.060170940170939866, 0.16560000786557794, 0.16800000797957182
577.76, 0.060170940170939866, 0.16365715063044003, 0.16548572214586393
577.76, 0.060170940170939866, 0.16605715074443392, 0.16594286502471992
577.782, 0.060923076923078266, 0.16720000794157386, 0.16548572214586393
577.782, 0.060923076923078266, 0.16617143646414792, 0.1658285793050059
577.782, 0.060923076923078266, 0.1664000079035759, 0.16720000794157386
577.782, 0.060923076923078266, 0.16811429369928582, 0.1662857221838619
577.782, 0.060923076923078266, 0.16685715078243188, 0.16605715074443392
577.804, 0.06167521367521278, 0.16411429350929602, 0.164457150668438
577.804, 0.06167521367521278, 0.16102857907701815, 0.16674286506271788
577.804, 0.06167521367521278, 0.164342864948724, 0.16537143642614996
577.804, 0.06167521367521278, 0.16777143654014384, 0.16594286502471992
577.804, 0.06167521367521278, 0.1580571503644543, 0.16400000778958201
577.826, 0.06242735042735118, 0.16411429350929602, 0.1664000079035759
577.826, 0.06242735042735118, 0.16480000782757998, 0.1665142936232899
577.826, 0.06242735042735118, 0.15737143604617035, 0.16731429366128786
577.826, 0.06242735042735118, 0.16091429335730417, 0.16697143650214588
577.826, 0.06242735042735118, 0.15897143612216627, 0.1665142936232899
577.848, 0.0631794871794857, 0.15668572172788636, 0.16605715074443392
577.848, 0.0631794871794857, 0.16125715051644615, 0.16594286502471992
577.848, 0.0631794871794857, 0.15771429320531233, 0.16377143635015404
577.848, 0.0631794871794857, 0.15622857884903038, 0.16617143646414792
577.848, 0.0631794871794857, 0.1585142932433103, 0.16502857926700795
577.87, 0.06393162393162409, 0.15897143612216627, 0.16560000786557794
577.87, 0.06393162393162409, 0.1565714360081724, 0.16731429366128786
577.87, 0.06393162393162409, 0.15885715040245227, 0.16708572222185986
577.87, 0.06393162393162409, 0.15565715025046042, 0.16594286502471992
577.87, 0.06393162393162409, 0.1540571501744645, 0.1664000079035759
577.892, 0.0646837606837625, 0.15714286460674234, 0.1664000079035759
577.892, 0.0646837606837625, 0.15897143612216627, 0.16674286506271788
577.892, 0.0646837606837625, 0.16377143635015404, 0.16537143642614996
577.892, 0.0646837606837625, 0.15371429301532252, 0.16720000794157386
577.892, 0.0646837606837625, 0.16285715059244207, 0.16685715078243188
577.914, 0.065435897435897, 0.17405715112441353, 0.16685715078243188
577.914, 0.065435897435897, 0.17188572244984762, 0.16571429358529194
577.914, 0.065435897435897, 0.17177143673013365, 0.1664000079035759
577.914, 0.065435897435897, 0.16925715089642576, 0.16571429358529194
577.914, 0.065435897435897, 0.16160000767558813, 0.16674286506271788
577.936, 0.06618803418803541, 0.17805715131440333, 0.16697143650214588
577.936, 0.06618803418803541, 0.17954286567068525, 0.16537143642614996
577.936, 0.06618803418803541, 0.18034286570868321, 0.16411429350929602
577.936, 0.06618803418803541, 0.18354286586067506, 0.16594286502471992
577.936, 0.06618803418803541, 0.17942857995097125, 0.16514286498672195
577.958, 0.06694017094016992, 0.1744000082835555, 0.16514286498672195
577.958, 0.06694017094016992, 0.17920000851154327, 0.16560000786557794
577.958, 0.06694017094016992, 0.17760000843554735, 0.16720000794157386
577.958, 0.06694017094016992, 0.16400000778958201, 0.16754286510071584
577.958, 0.06694017094016992, 0.17908572279182927, 0.16788572225985782
577.98, 0.06769230769230832, 0.1742857225638415, 0.16708572222185986
577.98, 0.06769230769230832, 0.1828571515423911, 0.16731429366128786
577.98, 0.06769230769230832, 0.17565715120040945, 0.1662857221838619
577.98, 0.06769230769230832, 0.17782857987497533, 0.1684571508584278
577.98, 0.06769230769230832, 0.17851429419325932, 0.16868572229785578
578.002, 0.06844444444444284, 0.17188572244984762, 0.1665142936232899
578.002, 0.06844444444444284, 0.1744000082835555, 0.16742857938100184
578.002, 0.06844444444444284, 0.17131429385127767, 0.16491429354729398
578.002, 0.06844444444444284, 0.16971429377528174, 0.16548572214586393
578.002, 0.06844444444444284, 0.1768000083975494, 0.16788572225985782
578.024, 0.06919658119658123, 0.16994286521470972, 0.16594286502471992
578.024, 0.06919658119658123, 0.1704000080935657, 0.16914286517671176
578.024, 0.06919658119658123, 0.1744000082835555, 0.16537143642614996
578.024, 0.06919658119658123, 0.17200000816956162, 0.16571429358529194
578.024, 0.06919658119658123, 0.16925715089642576, 0.16811429369928582
578.046, 0.06994871794871964, 0.1723428653287036, 0.1662857221838619
578.046, 0.06994871794871964, 0.16982857949499572, 0.16811429369928582
578.046, 0.06994871794871964, 0.17108572241184966, 0.1683428651387138
578.046, 0.06994871794871964, 0.1744000082835555, 0.16788572225985782
578.046, 0.06994871794871964, 0.16720000794157386, 0.16754286510071584
578.068, 0.07070085470085415, 0.16914286517671176, 0.16902857945699776
578.068, 0.07070085470085415, 0.16674286506271788, 0.16754286510071584
578.068, 0.07070085470085415, 0.16331429347129806, 0.16800000797957182
578.068, 0.07070085470085415, 0.16514286498672195, 0.16754286510071584
578.068, 0.07070085470085415, 0.1584000075235963, 0.17074286525270768
578.09, 0.07145299145299255, 0.16102857907701815, 0.1662857221838619
578.09, 0.07145299145299255, 0.16502857926700795, 0.16914286517671176
578.09, 0.07145299145299255, 0.16148572195587413, 0.16708572222185986
578.09, 0.07145299145299255, 0.16960000805556774, 0.16971429377528174
578.09, 0.07145299145299255, 0.1585142932433103, 0.1682285794189998
578.112, 0.07220512820512706, 0.15085715002247266, 0.17017143665413773
578.112, 0.07220512820512706, 0.16262857915301407, 0.1685714365781418
578.112, 0.07220512820512706, 0.1494857213859047, 0.16880000801756978
578.112, 0.07220512820512706, 0.1499428642647607, 0.16788572225985782
578.112, 0.07220512820512706, 0.15542857881103242, 0.1702857223738517
578.134, 0.07295726495726546, 0.1521142929393266, 0.16891429373728378
578.134, 0.07295726495726546, 0.1520000072196126, 0.1665142936232899
578.134, 0.07295726495726546, 0.14640000695362687, 0.1725714367681316
578.134, 0.07295726495726546, 0.14937143566619074, 0.17108572241184966
578.134, 0.07295726495726546, 0.15497143593217647, 0.16902857945699776
578.156, 0.07370940170939998, 0.15085715002247266, 0.16937143661613976
578.156, 0.07370940170939998, 0.1578285789250263, 0.16731429366128786
578.156, 0.07370940170939998, 0.1500571499844747, 0.1702857223738517
578.156, 0.07370940170939998, 0.14777143559019482, 0.1685714365781418
578.156, 0.07370940170939998, 0.14857143562819278, 0.17348572252584354
578.178, 0.07446153846153837, 0.15291429297732456, 0.16731429366128786
578.178, 0.07446153846153837, 0.1618285791150161, 0.17200000816956162
578.178, 0.07446153846153837, 0.15062857858304465, 0.17188572244984762
578.178, 0.07446153846153837, 0.16502857926700795, 0.17131429385127767
578.178, 0.07446153846153837, 0.15314286441675254, 0.17142857957099164
578.2, 0.07521367521367678, 0.15302857869703854, 0.16788572225985782
578.2, 0.07521367521367678, 0.18228572294382112, 0.16925715089642576
578.2, 0.07521367521367678, 0.15954286472073623, 0.17005715093442372
578.2, 0.07521367521367678, 0.18114286574668118, 0.1723428653287036
578.2, 0.07521367521367678, 0.18171429434525116, 0.1685714365781418
578.222, 0.07596581196581129, 0.18628572313381092, 0.17062857953299368
578.222, 0.07596581196581129, 0.1869714374520949, 0.17508572260183947
578.222, 0.07596581196581129, 0.18400000873953104, 0.17177143673013365
578.222, 0.07596581196581129, 0.1748571511624115, 0.17017143665413773
578.222, 0.07596581196581129, 0.18182858006496513, 0.1744000082835555
578.244, 0.0767179487179497, 0.17965715139039926, 0.16971429377528174
578.244, 0.0767179487179497, 0.1762285797989794, 0.17177143673013365
578.244, 0.0767179487179497, 0.18800000892952085, 0.17211429388927563
578.244, 0.0767179487179497, 0.18148572290582315, 0.1702857223738517
578.244, 0.0767179487179497, 0.1827428658226771, 0.17017143665413773
578.266, 0.0774700854700842, 0.18217143722410714, 0.17302857964698756
578.266, 0.0774700854700842, 0.18720000889152288, 0.17131429385127767
578.266, 0.0774700854700842, 0.18594286597466894, 0.17142857957099164
578.266, 0.0774700854700842, 0.1802285799889692, 0.17314286536670156
578.266, 0.0774700854700842, 0.18628572313381092, 0.17177143673013365
578.288, 0.07822222222222261, 0.18034286570868321, 0.17165715101041965
578.288, 0.07822222222222261, 0.18102858002696717, 0.1704000080935657
578.288, 0.07822222222222261, 0.1869714374520949, 0.1722285796089896
578.288, 0.07822222222222261, 0.18422858017895902, 0.1702857223738517
578.288, 0.07822222222222261, 0.18411429445924504, 0.17382857968498552
578.31, 0.07897435897435712, 0.18320000870153308, 0.16982857949499572
578.31, 0.07897435897435712, 0.17920000851154327, 0.17108572241184966
578.31, 0.07897435897435712, 0.18720000889152288, 0.1729142939272736
578.31, 0.07897435897435712, 0.17588572263983743, 0.1725714367681316
578.31, 0.07897435897435712, 0.1787428656326873, 0.17302857964698756
578.332, 0.07972649572649551, 0.17771429415526135, 0.1724571510484176
578.332, 0.07972649572649551, 0.18057143714811122, 0.16994286521470972
578.332, 0.07972649572649551, 0.17508572260183947, 0.16937143661613976
578.332, 0.07972649572649551, 0.17702857983697737, 0.16971429377528174
578.332, 0.07972649572649551, 0.17520000832155347, 0.16971429377528174
578.354, 0.08047863247863392, 0.1724571510484176, 0.17177143673013365
578.354, 0.08047863247863392, 0.17462857972298348, 0.17131429385127767
578.354, 0.08047863247863392, 0.1725714367681316, 0.17062857953299368
578.354, 0.08047863247863392, 0.1742857225638415, 0.17268572248784558
578.354, 0.08047863247863392, 0.17382857968498552, 0.17062857953299368
578.376, 0.08123076923076843, 0.17005715093442372, 0.17131429385127767
578.376, 0.08123076923076843, 0.17108572241184966, 0.1705142938132797
578.376, 0.08123076923076843, 0.17188572244984762, 0.1702857223738517
578.376, 0.08123076923076843, 0.16982857949499572, 0.1704000080935657
578.376, 0.08123076923076843, 0.17165715101041965, 0.16982857949499572
578.398, 0.08198290598290683, 0.1747428654426975, 0.17360000824555755
578.398, 0.08198290598290683, 0.1705142938132797, 0.17074286525270768
578.398, 0.08198290598290683, 0.17611429407926543, 0.17211429388927563
578.398, 0.08198290598290683, 0.16902857945699776, 0.16971429377528174
578.398, 0.08198290598290683, 0.17120000813156366, 0.16971429377528174
578.42, 0.08273504273504134, 0.1723428653287036, 0.17131429385127767
578.42, 0.08273504273504134, 0.16788572225985782, 0.17108572241184966
578.42, 0.08273504273504134, 0.17394286540469953, 0.16971429377528174
578.42, 0.08273504273504134, 0.1685714365781418, 0.17165715101041965
578.42, 0.08273504273504134, 0.16754286510071584, 0.17154286529070564
578.442, 0.08348717948717975, 0.16902857945699776, 0.17120000813156366
578.442, 0.08348717948717975, 0.16765715082042984, 0.16948572233585374
578.442, 0.08348717948717975, 0.1709714366921357, 0.17005715093442372
578.442, 0.08348717948717975, 0.1682285794189998, 0.17325715108641557
578.442, 0.08348717948717975, 0.16914286517671176, 0.16960000805556774
578.464, 0.08423931623931814, 0.16971429377528174, 0.1725714367681316
578.464, 0.08423931623931814, 0.16788572225985782, 0.17108572241184966
578.464, 0.08423931623931814, 0.1683428651387138, 0.17165715101041965
578.464, 0.08423931623931814, 0.16480000782757998, 0.17154286529070564
578.464, 0.08423931623931814, 0.16605715074443392, 0.1724571510484176
578.486, 0.08499145299145265, 0.1664000079035759, 0.1684571508584278
578.486, 0.08499145299145265, 0.16800000797957182, 0.16880000801756978
578.486, 0.08499145299145265, 0.16720000794157386, 0.17017143665413773
578.486, 0.08499145299145265, 0.16548572214586393, 0.1729142939272736
578.486, 0.08499145299145265, 0.16811429369928582, 0.17188572244984762
578.508, 0.08574358974359106, 0.16891429373728378, 0.17520000832155347
578.508, 0.08574358974359106, 0.17005715093442372, 0.17142857957099164
578.508, 0.08574358974359106, 0.17005715093442372, 0.17280000820755959
578.508, 0.08574358974359106, 0.16788572225985782, 0.1762285797989794
578.508, 0.08574358974359106, 0.17062857953299368, 0.17177143673013365
578.53, 0.08649572649572557, 0.16868572229785578, 0.17131429385127767
578.53, 0.08649572649572557, 0.16982857949499572, 0.17302857964698756
578.53, 0.08649572649572557, 0.17131429385127767, 0.1683428651387138
578.53, 0.08649572649572557, 0.16914286517671176, 0.16948572233585374
578.53, 0.08649572649572557, 0.17165715101041965, 0.16948572233585374
578.552, 0.08724786324786397, 0.17188572244984762, 0.1684571508584278
578.552, 0.08724786324786397, 0.17154286529070564, 0.17062857953299368
578.552, 0.08724786324786397, 0.17074286525270768, 0.17165715101041965
578.552, 0.08724786324786397, 0.17200000816956162, 0.17108572241184966
578.552, 0.08724786324786397, 0.1723428653287036, 0.17302857964698756
578.574, 0.08799999999999848, 0.1722285796089896, 0.17280000820755959
578.574, 0.08799999999999848, 0.17177143673013365, 0.17211429388927563
578.574, 0.08799999999999848, 0.1724571510484176, 0.17200000816956162
578.574, 0.08799999999999848, 0.17268572248784558, 0.1725714367681316
578.574, 0.08799999999999848, 0.17177143673013365, 0.17085715097242168
578.596, 0.08875213675213689, 0.17062857953299368, 0.16982857949499572
578.596, 0.08875213675213689, 0.17062857953299368, 0.17005715093442372
578.596, 0.08875213675213689, 0.17017143665413773, 0.17085715097242168
578.596, 0.08875213675213689, 0.16868572229785578, 0.16914286517671176
578.596, 0.08875213675213689, 0.16971429377528174, 0.16914286517671176
578.618, 0.08950427350427528, 0.17005715093442372, 0.17120000813156366
578.618, 0.08950427350427528, 0.1683428651387138, 0.16982857949499572
578.618, 0.08950427350427528, 0.17085715097242168, 0.16880000801756978
578.618, 0.08950427350427528, 0.17005715093442372, 0.16971429377528174
578.618, 0.08950427350427528, 0.17268572248784558, 0.16925715089642576
578.64, 0.0902564102564098, 0.17131429385127767, 0.16880000801756978
578.64, 0.0902564102564098, 0.17062857953299368, 0.16971429377528174
578.64, 0.0902564102564098, 0.16788572225985782, 0.16742857938100184
578.64, 0.0902564102564098, 0.16994286521470972, 0.16971429377528174
578.64, 0.0902564102564098, 0.17005715093442372, 0.17062857953299368
578.662, 0.0910085470085482, 0.1723428653287036, 0.16880000801756978
578.662, 0.0910085470085482, 0.16937143661613976, 0.17200000816956162
578.662, 0.0910085470085482, 0.16960000805556774, 0.16982857949499572
578.662, 0.0910085470085482, 0.16982857949499572, 0.16982857949499572
578.662, 0.0910085470085482, 0.1702857223738517, 0.16982857949499572
578.684, 0.0917606837606827, 0.16902857945699776, 0.1702857223738517
578.684, 0.0917606837606827, 0.1683428651387138, 0.16800000797957182
578.684, 0.0917606837606827, 0.1683428651387138, 0.17017143665413773
578.684, 0.0917606837606827, 0.16925715089642576, 0.16891429373728378
578.684, 0.0917606837606827, 0.17188572244984762, 0.17017143665413773
578.706, 0.09251282051282111, 0.16937143661613976, 0.1722285796089896
578.706, 0.09251282051282111, 0.16605715074443392, 0.16754286510071584
578.706, 0.09251282051282111, 0.1682285794189998, 0.16948572233585374
578.706, 0.09251282051282111, 0.16765715082042984, 0.17017143665413773
578.706, 0.09251282051282111, 0.17085715097242168, 0.16754286510071584
578.728, 0.09326495726495562, 0.16788572225985782, 0.17074286525270768
578.728, 0.09326495726495562, 0.16902857945699776, 0.1702857223738517
578.728, 0.09326495726495562, 0.16925715089642576, 0.16994286521470972
578.728, 0.09326495726495562, 0.16720000794157386, 0.1702857223738517
578.728, 0.09326495726495562, 0.1723428653287036, 0.17005715093442372
578.75, 0.09401709401709403, 0.16880000801756978, 0.17062857953299368
578.75, 0.09401709401709403, 0.17017143665413773, 0.16971429377528174
578.75, 0.09401709401709403, 0.16902857945699776, 0.16925715089642576
578.75, 0.09401709401709403, 0.16982857949499572, 0.17017143665413773
578.75, 0.09401709401709403, 0.17005715093442372, 0.16800000797957182
578.772, 0.09476923076923242, 0.16971429377528174, 0.1683428651387138
578.772, 0.09476923076923242, 0.16742857938100184, 0.17062857953299368
578.772, 0.09476923076923242, 0.16777143654014384, 0.17142857957099164
578.772, 0.09476923076923242, 0.17131429385127767, 0.16960000805556774
578.772, 0.09476923076923242, 0.1685714365781418, 0.17131429385127767
578.794, 0.09552136752136695, 0.16788572225985782, 0.17120000813156366
578.794, 0.09552136752136695, 0.1705142938132797, 0.17074286525270768
578.794, 0.09552136752136695, 0.16697143650214588, 0.17017143665413773
578.794, 0.09552136752136695, 0.16937143661613976, 0.16720000794157386
578.794, 0.09552136752136695, 0.17017143665413773, 0.16960000805556774
578.816, 0.09627350427350534, 0.16891429373728378, 0.16994286521470972
578.816, 0.09627350427350534, 0.16982857949499572, 0.16948572233585374
578.816, 0.09627350427350534, 0.16982857949499572, 0.17108572241184966
578.816, 0.09627350427350534, 0.16937143661613976, 0.16982857949499572
578.816, 0.09627350427350534, 0.16662857934300387, 0.16971429377528174
578.838, 0.09702564102563985, 0.16720000794157386, 0.16960000805556774
578.838, 0.09702564102563985, 0.1685714365781418, 0.16982857949499572
578.838, 0.09702564102563985, 0.1704000080935657, 0.17268572248784558
578.838, 0.09702564102563985, 0.16925715089642576, 0.17085715097242168
578.838, 0.09702564102563985, 0.16982857949499572, 0.1722285796089896
578.86, 0.09777777777777825, 0.17085715097242168, 0.16765715082042984
578.86, 0.09777777777777825, 0.16994286521470972, 0.17200000816956162
578.86, 0.09777777777777825, 0.16925715089642576, 0.1683428651387138
578.86, 0.09777777777777825, 0.17108572241184966, 0.1704000080935657
578.86, 0.09777777777777825, 0.16925715089642576, 0.1709714366921357
578.882, 0.09852991452991276, 0.1724571510484176, 0.17131429385127767
578.882, 0.09852991452991276, 0.16948572233585374, 0.16937143661613976
578.882, 0.09852991452991276, 0.16937143661613976, 0.17417143684412753
578.882, 0.09852991452991276, 0.17074286525270768, 0.1722285796089896
578.882, 0.09852991452991276, 0.1725714367681316, 0.1709714366921357
578.904, 0.09928205128205117, 0.1709714366921357, 0.17360000824555755
578.904, 0.09928205128205117, 0.17188572244984762, 0.17211429388927563
578.904, 0.09928205128205117, 0.17120000813156366, 0.1723428653287036
578.904, 0.09928205128205117, 0.17371429396527155, 0.17108572241184966
578.904, 0.09928205128205117, 0.1723428653287036, 0.1742857225638415
578.926, 0.10003418803418956, 0.1722285796089896, 0.17314286536670156
578.926, 0.10003418803418956, 0.1723428653287036, 0.17188572244984762
578.926, 0.10003418803418956, 0.17211429388927563, 0.16994286521470972
578.926, 0.10003418803418956, 0.17200000816956162, 0.17108572241184966
578.926, 0.10003418803418956, 0.16937143661613976, 0.16994286521470972
578.948, 0.10078632478632409, 0.17131429385127767, 0.17382857968498552
578.948, 0.10078632478632409, 0.17165715101041965, 0.17154286529070564
578.948, 0.10078632478632409, 0.17165715101041965, 0.17302857964698756
578.948, 0.10078632478632409, 0.17337143680612957, 0.17017143665413773
578.948, 0.10078632478632409, 0.16994286521470972, 0.17211429388927563
578.97, 0.10153846153846248, 0.1705142938132797, 0.17337143680612957
578.97, 0.10153846153846248, 0.17268572248784558, 0.17280000820755959
578.97, 0.10153846153846248, 0.16800000797957182, 0.1725714367681316
578.97, 0.10153846153846248, 0.1729142939272736, 0.17188572244984762
578.97, 0.10153846153846248, 0.1724571510484176, 0.17154286529070564
578.992, 0.102290598290597, 0.17062857953299368, 0.1729142939272736
578.992, 0.102290598290597, 0.16982857949499572, 0.17280000820755959
578.992, 0.102290598290597, 0.1729142939272736, 0.17154286529070564
578.992, 0.102290598290597, 0.17417143684412753, 0.1745142940032695
578.992, 0.102290598290597, 0.17394286540469953, 0.17531429404126747
579.014, 0.1030427350427354, 0.17188572244984762, 0.17394286540469953
579.014, 0.1030427350427354, 0.17302857964698756, 0.17211429388927563
579.014, 0.1030427350427354, 0.17394286540469953, 0.17017143665413773
579.014, 0.1030427350427354, 0.17074286525270768, 0.17337143680612957
579.014, 0.1030427350427354, 0.1702857223738517, 0.17314286536670156
579.036, 0.1037948717948699, 0.1724571510484176, 0.1723428653287036
579.036, 0.1037948717948699, 0.16982857949499572, 0.1729142939272736
579.036, 0.1037948717948699, 0.17348572252584354, 0.17188572244984762
579.036, 0.1037948717948699, 0.17120000813156366, 0.1723428653287036
579.036, 0.1037948717948699, 0.16971429377528174, 0.17177143673013365
579.058, 0.10454700854700831, 0.1729142939272736, 0.1724571510484176
579.058, 0.10454700854700831, 0.16982857949499572, 0.17382857968498552
579.058, 0.10454700854700831, 0.17302857964698756, 0.16937143661613976
579.058, 0.10454700854700831, 0.1725714367681316, 0.1725714367681316
579.058, 0.10454700854700831, 0.17131429385127767, 0.17462857972298348
579.08, 0.1052991452991467, 0.17462857972298348, 0.17280000820755959
579.08, 0.1052991452991467, 0.1729142939272736, 0.1709714366921357
579.08, 0.1052991452991467, 0.17211429388927563, 0.17177143673013365
579.08, 0.1052991452991467, 0.17280000820755959, 0.17520000832155347
579.08, 0.1052991452991467, 0.17188572244984762, 0.17108572241184966
579.102, 0.10605128205128123, 0.17394286540469953, 0.1722285796089896
579.102, 0.10605128205128123, 0.17325715108641557, 0.17074286525270768
579.102, 0.10605128205128123, 0.17131429385127767, 0.1705142938132797
579.102, 0.10605128205128123, 0.1725714367681316, 0.17211429388927563
579.102, 0.10605128205128123, 0.1725714367681316, 0.1768000083975494
579.124, 0.10680341880341962, 0.17211429388927563, 0.17394286540469953
579.124, 0.10680341880341962, 0.1724571510484176, 0.17371429396527155
579.124, 0.10680341880341962, 0.1709714366921357, 0.17108572241184966
579.124, 0.10680341880341962, 0.17280000820755959, 0.17211429388927563
579.124, 0.10680341880341962, 0.17108572241184966, 0.1704000080935657
579.146, 0.10755555555555414, 0.17417143684412753, 0.17142857957099164
579.146, 0.10755555555555414, 0.17142857957099164, 0.17108572241184966
579.146, 0.10755555555555414, 0.1722285796089896, 0.17108572241184966
579.146, 0.10755555555555414, 0.17268572248784558, 0.17108572241184966
579.146, 0.10755555555555414, 0.17337143680612957, 0.1729142939272736
579.168, 0.10830769230769254, 0.1702857223738517, 0.16971429377528174
579.168, 0.10830769230769254, 0.1705142938132797, 0.17314286536670156
579.168, 0.10830769230769254, 0.17280000820755959, 0.17302857964698756
579.168, 0.10830769230769254, 0.1723428653287036, 0.1725714367681316
579.168, 0.10830769230769254, 0.17142857957099164, 0.1702857223738517
579.19, 0.10905982905983094, 0.17280000820755959, 0.17200000816956162
579.19, 0.10905982905983094, 0.17348572252584354, 0.17211429388927563
579.19, 0.10905982905983094, 0.17108572241184966, 0.17211429388927563
579.19, 0.10905982905983094, 0.17325715108641557, 0.17108572241184966
579.19, 0.10905982905983094, 0.1724571510484176, 0.1702857223738517
579.212, 0.10981196581196545, 0.1724571510484176, 0.1749714368821255
579.212, 0.10981196581196545, 0.17371429396527155, 0.1724571510484176
579.212, 0.10981196581196545, 0.17371429396527155, 0.17200000816956162
579.212, 0.10981196581196545, 0.16994286521470972, 0.17565715120040945
579.212, 0.10981196581196545, 0.17325715108641557, 0.17154286529070564
579.234, 0.11056410256410384, 0.17314286536670156, 0.17268572248784558
579.234, 0.11056410256410384, 0.16914286517671176, 0.17188572244984762
579.234, 0.11056410256410384, 0.17062857953299368, 0.17131429385127767
579.234, 0.11056410256410384, 0.1683428651387138, 0.17017143665413773
579.234, 0.11056410256410384, 0.1749714368821255, 0.17337143680612957
579.256, 0.11131623931623837, 0.17200000816956162, 0.17085715097242168
579.256, 0.11131623931623837, 0.1723428653287036, 0.1709714366921357
579.256, 0.11131623931623837, 0.16994286521470972, 0.16982857949499572
579.256, 0.11131623931623837, 0.1725714367681316, 0.17165715101041965
579.256, 0.11131623931623837, 0.1722285796089896, 0.1722285796089896
579.278, 0.11206837606837676, 0.1702857223738517, 0.17314286536670156
579.278, 0.11206837606837676, 0.1724571510484176, 0.17177143673013365
579.278, 0.11206837606837676, 0.16891429373728378, 0.17417143684412753
579.278, 0.11206837606837676, 0.1702857223738517, 0.1709714366921357
579.278, 0.11206837606837676, 0.17062857953299368, 0.17131429385127767
579.3, 0.11282051282051128, 0.1702857223738517, 0.1725714367681316
579.3, 0.11282051282051128, 0.17211429388927563, 0.17188572244984762
579.3, 0.11282051282051128, 0.17062857953299368, 0.17074286525270768
579.3, 0.11282051282051128, 0.17211429388927563, 0.1723428653287036
579.3, 0.11282051282051128, 0.17188572244984762, 0.16971429377528174
579.322, 0.11357264957264968, 0.17017143665413773, 0.16880000801756978
579.322, 0.11357264957264968, 0.17165715101041965, 0.1722285796089896
579.322, 0.11357264957264968, 0.17005715093442372, 0.17085715097242168
579.322, 0.11357264957264968, 0.17337143680612957, 0.1724571510484176
579.322, 0.11357264957264968, 0.17154286529070564, 0.17085715097242168
579.344, 0.11432478632478808, 0.17200000816956162, 0.17085715097242168
579.344, 0.11432478632478808, 0.1709714366921357, 0.1709714366921357
579.344, 0.11432478632478808, 0.17165715101041965, 0.17062857953299368
579.344, 0.11432478632478808, 0.1683428651387138, 0.17108572241184966
579.344, 0.11432478632478808, 0.16880000801756978, 0.16925715089642576
579.366, 0.11507692307692259, 0.16994286521470972, 0.17085715097242168
579.366, 0.11507692307692259, 0.16925715089642576, 0.1704000080935657
579.366, 0.11507692307692259, 0.16937143661613976, 0.17131429385127767
579.366, 0.11507692307692259, 0.16868572229785578, 0.16960000805556774
579.366, 0.11507692307692259, 0.1705142938132797, 0.1705142938132797
579.388, 0.11582905982906098, 0.1684571508584278, 0.1684571508584278
579.388, 0.11582905982906098, 0.17017143665413773, 0.16880000801756978
579.388, 0.11582905982906098, 0.17017143665413773, 0.1724571510484176
579.388, 0.11582905982906098, 0.16902857945699776, 0.16937143661613976
579.388, 0.11582905982906098, 0.16948572233585374, 0.17188572244984762
579.41, 0.1165811965811955, 0.16982857949499572, 0.16902857945699776
579.41, 0.1165811965811955, 0.16777143654014384, 0.17108572241184966
579.41, 0.1165811965811955, 0.16914286517671176, 0.16971429377528174
579.41, 0.1165811965811955, 0.16697143650214588, 0.17085715097242168
579.41, 0.1165811965811955, 0.1704000080935657, 0.16891429373728378
579.432, 0.1173333333333339, 0.16994286521470972, 0.16914286517671176
579.432, 0.1173333333333339, 0.17200000816956162, 0.1705142938132797
579.432, 0.1173333333333339, 0.16868572229785578, 0.1683428651387138
579.432, 0.1173333333333339, 0.1665142936232899, 0.16891429373728378
579.432, 0.1173333333333339, 0.16994286521470972, 0.1702857223738517
579.454, 0.11808547008546842, 0.16811429369928582, 0.16982857949499572
579.454, 0.11808547008546842, 0.16605715074443392, 0.16902857945699776
579.454, 0.11808547008546842, 0.16548572214586393, 0.17062857953299368
579.454, 0.11808547008546842, 0.16902857945699776, 0.16880000801756978
579.454, 0.11808547008546842, 0.16731429366128786, 0.16994286521470972
579.476, 0.11883760683760682, 0.17074286525270768, 0.17120000813156366
579.476, 0.11883760683760682, 0.16674286506271788, 0.16788572225985782
579.476, 0.11883760683760682, 0.16731429366128786, 0.16662857934300387
579.476, 0.11883760683760682, 0.16880000801756978, 0.16891429373728378
579.476, 0.11883760683760682, 0.1683428651387138, 0.16925715089642576
579.498, 0.11958974358974522, 0.16902857945699776, 0.16777143654014384
579.498, 0.11958974358974522, 0.16662857934300387, 0.1685714365781418
579.498, 0.11958974358974522, 0.16914286517671176, 0.17142857957099164
579.498, 0.11958974358974522, 0.16697143650214588, 0.17062857953299368
579.498, 0.11958974358974522, 0.16937143661613976, 0.16994286521470972
579.52, 0.12034188034187973, 0.16731429366128786, 0.17062857953299368
579.52, 0.12034188034187973, 0.16605715074443392, 0.16560000786557794
579.52, 0.12034188034187973, 0.17005715093442372, 0.16720000794157386
579.52, 0.12034188034187973, 0.16788572225985782, 0.1684571508584278
579.52, 0.12034188034187973, 0.16948572233585374, 0.16960000805556774
579.542, 0.12109401709401814, 0.16880000801756978, 0.16765715082042984
579.542, 0.12109401709401814, 0.16982857949499572, 0.16800000797957182
579.542, 0.12109401709401814, 0.16902857945699776, 0.1685714365781418
579.542, 0.12109401709401814, 0.1704000080935657, 0.16902857945699776
579.542, 0.12109401709401814, 0.16742857938100184, 0.16811429369928582
579.564, 0.12184615384615265, 0.16902857945699776, 0.1682285794189998
579.564, 0.12184615384615265, 0.17005715093442372, 0.16948572233585374
579.564, 0.12184615384615265, 0.17165715101041965, 0.16720000794157386
579.564, 0.12184615384615265, 0.16548572214586393, 0.16731429366128786
579.564, 0.12184615384615265, 0.1684571508584278, 0.1685714365781418
579.586, 0.12259829059829104, 0.17131429385127767, 0.16925715089642576
579.586, 0.12259829059829104, 0.16914286517671176, 0.16868572229785578
579.586, 0.12259829059829104, 0.16914286517671176, 0.17120000813156366
579.586, 0.12259829059829104, 0.1684571508584278, 0.17108572241184966
579.586, 0.12259829059829104, 0.1683428651387138, 0.1684571508584278
579.608, 0.12335042735042556, 0.17085715097242168, 0.1683428651387138
579.608, 0.12335042735042556, 0.16902857945699776, 0.1702857223738517
579.608, 0.12335042735042556, 0.17017143665413773, 0.16811429369928582
579.608, 0.12335042735042556, 0.16937143661613976, 0.16925715089642576
579.608, 0.12335042735042556, 0.16982857949499572, 0.16925715089642576
579.63, 0.12410256410256396, 0.16765715082042984, 0.16902857945699776
579.63, 0.12410256410256396, 0.16902857945699776, 0.16662857934300387
579.63, 0.12410256410256396, 0.16754286510071584, 0.1709714366921357
579.63, 0.12410256410256396, 0.16960000805556774, 0.16891429373728378
579.63, 0.12410256410256396, 0.16754286510071584, 0.16788572225985782
579.652, 0.12485470085470236, 0.16891429373728378, 0.16720000794157386
579.652, 0.12485470085470236, 0.17120000813156366, 0.1682285794189998
579.652, 0.12485470085470236, 0.16982857949499572, 0.16731429366128786
579.652, 0.12485470085470236, 0.17188572244984762, 0.1685714365781418
579.652, 0.12485470085470236, 0.1682285794189998, 0.16868572229785578
579.674, 0.12560683760683689, 0.16971429377528174, 0.16777143654014384
579.674, 0.12560683760683689, 0.16731429366128786, 0.16994286521470972
579.674, 0.12560683760683689, 0.16925715089642576, 0.1684571508584278
579.674, 0.12560683760683689, 0.16868572229785578, 0.1684571508584278
579.674, 0.12560683760683689, 0.17005715093442372, 0.17188572244984762
579.696, 0.12635897435897528, 0.16868572229785578, 0.17108572241184966
579.696, 0.12635897435897528, 0.17177143673013365, 0.16902857945699776
579.696, 0.12635897435897528, 0.16902857945699776, 0.16971429377528174
579.696, 0.12635897435897528, 0.16937143661613976, 0.17005715093442372
579.696, 0.12635897435897528, 0.17005715093442372, 0.1723428653287036
579.718, 0.1271111111111098, 0.1705142938132797, 0.1684571508584278
579.718, 0.1271111111111098, 0.17131429385127767, 0.16971429377528174
579.718, 0.1271111111111098, 0.1702857223738517, 0.16971429377528174
579.718, 0.1271111111111098, 0.17108572241184966, 0.16880000801756978
579.718, 0.1271111111111098, 0.17154286529070564, 0.17165715101041965
579.74, 0.12786324786324818, 0.1723428653287036, 0.17154286529070564
579.74, 0.12786324786324818, 0.17165715101041965, 0.16960000805556774
579.74, 0.12786324786324818, 0.1702857223738517, 0.16925715089642576
579.74, 0.12786324786324818, 0.16971429377528174, 0.16925715089642576
579.74, 0.12786324786324818, 0.1722285796089896, 0.1723428653287036
579.762, 0.1286153846153827, 0.16982857949499572, 0.16800000797957182
579.762, 0.1286153846153827, 0.1704000080935657, 0.17017143665413773
579.762, 0.1286153846153827, 0.17074286525270768, 0.16902857945699776
579.762, 0.1286153846153827, 0.1704000080935657, 0.17200000816956162
579.762, 0.1286153846153827, 0.1724571510484176, 0.1704000080935657
579.784, 0.1293675213675211, 0.1709714366921357, 0.16937143661613976
579.784, 0.1293675213675211, 0.16982857949499572, 0.16891429373728378
579.784, 0.1293675213675211, 0.17017143665413773, 0.16948572233585374
579.784, 0.1293675213675211, 0.16914286517671176, 0.17280000820755959
579.784, 0.1293675213675211, 0.17062857953299368, 0.17085715097242168
579.806, 0.1301196581196595, 0.17417143684412753, 0.1724571510484176
579.806, 0.1301196581196595, 0.17120000813156366, 0.16925715089642576
579.806, 0.1301196581196595, 0.17108572241184966, 0.1702857223738517
579.806, 0.1301196581196595, 0.17188572244984762, 0.1724571510484176
579.806, 0.1301196581196595, 0.17108572241184966, 0.17165715101041965
579.828, 0.130871794871794, 0.1705142938132797, 0.16971429377528174
579.828, 0.130871794871794, 0.17005715093442372, 0.17188572244984762
579.828, 0.130871794871794, 0.17394286540469953, 0.1745142940032695
579.828, 0.130871794871794, 0.17108572241184966, 0.17142857957099164
579.828, 0.130871794871794, 0.1704000080935657, 0.17360000824555755
579.85, 0.1316239316239324, 0.17154286529070564, 0.16925715089642576
579.85, 0.1316239316239324, 0.1722285796089896, 0.17142857957099164
579.85, 0.1316239316239324, 0.17062857953299368, 0.1747428654426975
579.85, 0.1316239316239324, 0.17154286529070564, 0.17325715108641557
579.85, 0.1316239316239324, 0.17211429388927563, 0.16960000805556774
579.872, 0.13237606837606694, 0.17268572248784558, 0.17142857957099164
579.872, 0.13237606837606694, 0.17211429388927563, 0.1742857225638415
579.872, 0.13237606837606694, 0.17348572252584354, 0.17074286525270768
579.872, 0.13237606837606694, 0.17371429396527155, 0.17108572241184966
579.872, 0.13237606837606694, 0.17142857957099164, 0.1725714367681316
579.894, 0.13312820512820533, 0.17280000820755959, 0.17062857953299368
579.894, 0.13312820512820533, 0.17142857957099164, 0.17085715097242168
579.894, 0.13312820512820533, 0.16914286517671176, 0.17177143673013365
579.894, 0.13312820512820533, 0.1704000080935657, 0.17177143673013365
579.894, 0.13312820512820533, 0.17405715112441353, 0.17211429388927563
579.916, 0.13388034188034373, 0.17188572244984762, 0.1724571510484176
579.916, 0.13388034188034373, 0.17325715108641557, 0.17165715101041965
579.916, 0.13388034188034373, 0.17394286540469953, 0.17188572244984762
579.916, 0.13388034188034373, 0.17131429385127767, 0.17348572252584354
579.916, 0.13388034188034373, 0.17142857957099164, 0.17371429396527155
579.938, 0.13463247863247824, 0.17280000820755959, 0.17108572241184966
579.938, 0.13463247863247824, 0.17154286529070564, 0.17085715097242168
579.938, 0.13463247863247824, 0.17302857964698756, 0.17371429396527155
579.938, 0.13463247863247824, 0.17120000813156366, 0.17337143680612957
579.938, 0.13463247863247824, 0.17268572248784558, 0.17211429388927563
579.96, 0.13538461538461663, 0.17188572244984762, 0.1729142939272736
579.96, 0.13538461538461663, 0.17325715108641557, 0.17211429388927563
579.96, 0.13538461538461663, 0.1704000080935657, 0.17405715112441353
579.96, 0.13538461538461663, 0.16994286521470972, 0.17394286540469953
579.96, 0.13538461538461663, 0.17120000813156366, 0.17268572248784558
579.982, 0.13613675213675117, 0.17131429385127767, 0.1704000080935657
579.982, 0.13613675213675117, 0.1705142938132797, 0.17200000816956162
579.982, 0.13613675213675117, 0.16891429373728378, 0.17280000820755959
579.982, 0.13613675213675117, 0.17188572244984762, 0.17062857953299368
579.982, 0.13613675213675117, 0.17017143665413773, 0.1702857223738517
580.004, 0.13688888888888956, 0.17165715101041965, 0.17131429385127767
580.004, 0.13688888888888956, 0.1684571508584278, 0.1709714366921357
580.004, 0.13688888888888956, 0.17200000816956162, 0.1705142938132797
580.004, 0.13688888888888956, 0.17005715093442372, 0.17142857957099164
580.004, 0.13688888888888956, 0.17268572248784558, 0.17074286525270768
580.026, 0.13764102564102407, 0.17360000824555755, 0.17200000816956162
580.026, 0.13764102564102407, 0.1724571510484176, 0.17280000820755959
580.026, 0.13764102564102407, 0.17211429388927563, 0.1704000080935657
580.026, 0.13764102564102407, 0.17325715108641557, 0.17085715097242168
580.026, 0.13764102564102407, 0.17074286525270768, 0.17154286529070564
580.048, 0.13839316239316246, 0.17120000813156366, 0.17085715097242168
580.048, 0.13839316239316246, 0.17405715112441353, 0.17154286529070564
580.048, 0.13839316239316246, 0.17314286536670156, 0.17108572241184966
580.048, 0.13839316239316246, 0.17348572252584354, 0.1709714366921357
580.048, 0.13839316239316246, 0.1724571510484176, 0.1704000080935657
580.07, 0.13914529914530088, 0.17108572241184966, 0.17165715101041965
580.07, 0.13914529914530088, 0.1729142939272736, 0.17211429388927563
580.07, 0.13914529914530088, 0.17337143680612957, 0.17360000824555755
580.07, 0.13914529914530088, 0.17085715097242168, 0.1723428653287036
580.07, 0.13914529914530088, 0.1723428653287036, 0.17062857953299368
580.092, 0.1398974358974354, 0.1705142938132797, 0.17131429385127767
580.092, 0.1398974358974354, 0.17337143680612957, 0.17165715101041965
580.092, 0.1398974358974354, 0.16914286517671176, 0.17154286529070564
580.092, 0.1398974358974354, 0.17211429388927563, 0.1702857223738517
580.092, 0.1398974358974354, 0.17142857957099164, 0.1725714367681316
580.114, 0.14064957264957378, 0.17302857964698756, 0.1723428653287036
580.114, 0.14064957264957378, 0.16971429377528174, 0.17005715093442372
580.114, 0.14064957264957378, 0.1702857223738517, 0.17314286536670156
580.114, 0.14064957264957378, 0.16960000805556774, 0.1742857225638415
580.114, 0.14064957264957378, 0.17017143665413773, 0.17211429388927563
580.136, 0.1414017094017083, 0.1722285796089896, 0.16982857949499572
580.136, 0.1414017094017083, 0.16994286521470972, 0.17188572244984762
580.136, 0.1414017094017083, 0.17074286525270768, 0.17360000824555755
580.136, 0.1414017094017083, 0.17154286529070564, 0.17085715097242168
580.136, 0.1414017094017083, 0.1704000080935657, 0.17268572248784558
580.158, 0.14215384615384669, 0.17154286529070564, 0.17165715101041965
580.158, 0.14215384615384669, 0.17074286525270768, 0.17177143673013365
580.158, 0.14215384615384669, 0.17280000820755959, 0.17108572241184966
580.158, 0.14215384615384669, 0.17131429385127767, 0.17211429388927563
580.158, 0.14215384615384669, 0.1704000080935657, 0.16868572229785578
580.18, 0.14290598290598122, 0.17074286525270768, 0.17142857957099164
580.18, 0.14290598290598122, 0.1725714367681316, 0.17188572244984762
580.18, 0.14290598290598122, 0.17120000813156366, 0.17165715101041965
580.18, 0.14290598290598122, 0.17108572241184966, 0.16971429377528174
580.18, 0.14290598290598122, 0.17108572241184966, 0.1724571510484176
580.202, 0.14365811965811962, 0.17062857953299368, 0.17337143680612957
580.202, 0.14365811965811962, 0.1723428653287036, 0.17062857953299368
580.202, 0.14365811965811962, 0.1705142938132797, 0.1709714366921357
580.202, 0.14365811965811962, 0.1742857225638415, 0.1723428653287036
580.202, 0.14365811965811962, 0.17165715101041965, 0.1709714366921357
580.224, 0.144410256410258, 0.17017143665413773, 0.17382857968498552
580.224, 0.144410256410258, 0.17211429388927563, 0.17268572248784558
580.224, 0.144410256410258, 0.16960000805556774, 0.17085715097242168
580.224, 0.144410256410258, 0.17360000824555755, 0.17165715101041965
580.224, 0.144410256410258, 0.1709714366921357, 0.17211429388927563
580.246, 0.14516239316239252, 0.1684571508584278, 0.16982857949499572
580.246, 0.14516239316239252, 0.1684571508584278, 0.1704000080935657
580.246, 0.14516239316239252, 0.17120000813156366, 0.17154286529070564
580.246, 0.14516239316239252, 0.17302857964698756, 0.17074286525270768
580.246, 0.14516239316239252, 0.17314286536670156, 0.17062857953299368
580.268, 0.1459145299145309, 0.17085715097242168, 0.16982857949499572
580.268, 0.1459145299145309, 0.17108572241184966, 0.17394286540469953
580.268, 0.1459145299145309, 0.16982857949499572, 0.1702857223738517
580.268, 0.1459145299145309, 0.17154286529070564, 0.17337143680612957
580.268, 0.1459145299145309, 0.17131429385127767, 0.17120000813156366
580.29, 0.14666666666666545, 0.17074286525270768, 0.17131429385127767
580.29, 0.14666666666666545, 0.17142857957099164, 0.1709714366921357
580.29, 0.14666666666666545, 0.17108572241184966, 0.1742857225638415
580.29, 0.14666666666666545, 0.17131429385127767, 0.17108572241184966
580.29, 0.14666666666666545, 0.1724571510484176, 0.1729142939272736
580.312, 0.14741880341880384, 0.16982857949499572, 0.17120000813156366
580.312, 0.14741880341880384, 0.17131429385127767, 0.17085715097242168
580.312, 0.14741880341880384, 0.1724571510484176, 0.1742857225638415
580.312, 0.14741880341880384, 0.17108572241184966, 0.16971429377528174
580.312, 0.14741880341880384, 0.1705142938132797, 0.1705142938132797
580.334, 0.14817094017093835, 0.17325715108641557, 0.17360000824555755
580.334, 0.14817094017093835, 0.1725714367681316, 0.17108572241184966
580.334, 0.14817094017093835, 0.1723428653287036, 0.1729142939272736
580.334, 0.14817094017093835, 0.17360000824555755, 0.1725714367681316
580.334, 0.14817094017093835, 0.17371429396527155, 0.17382857968498552
580.356, 0.14892307692307674, 0.17062857953299368, 0.1722285796089896
580.356, 0.14892307692307674, 0.1702857223738517, 0.17211429388927563
580.356, 0.14892307692307674, 0.1702857223738517, 0.17177143673013365
580.356, 0.14892307692307674, 0.17360000824555755, 0.1705142938132797
580.356, 0.14892307692307674, 0.16971429377528174, 0.17268572248784558
580.378, 0.14967521367521516, 0.1725714367681316, 0.1729142939272736
580.378, 0.14967521367521516, 0.1724571510484176, 0.17611429407926543
580.378, 0.14967521367521516, 0.1729142939272736, 0.1702857223738517
580.378, 0.14967521367521516, 0.1724571510484176, 0.17405715112441353
580.378, 0.14967521367521516, 0.17348572252584354, 0.17200000816956162
580.4, 0.15042735042734967, 0.1722285796089896, 0.1723428653287036
580.4, 0.15042735042734967, 0.16937143661613976, 0.17394286540469953
580.4, 0.15042735042734967, 0.1723428653287036, 0.17062857953299368
580.4, 0.15042735042734967, 0.1709714366921357, 0.1722285796089896
580.4, 0.15042735042734967, 0.17154286529070564, 0.1744000082835555
580.422, 0.15117948717948806, 0.17405715112441353, 0.17348572252584354
580.422, 0.15117948717948806, 0.1725714367681316, 0.17131429385127767
580.422, 0.15117948717948806, 0.17348572252584354, 0.1729142939272736
580.422, 0.15117948717948806, 0.17108572241184966, 0.17405715112441353
580.422, 0.15117948717948806, 0.17417143684412753, 0.17588572263983743
580.444, 0.15193162393162257, 0.17268572248784558, 0.17371429396527155
580.444, 0.15193162393162257, 0.17325715108641557, 0.17142857957099164
580.444, 0.15193162393162257, 0.17325715108641557, 0.17154286529070564
580.444, 0.15193162393162257, 0.1729142939272736, 0.17108572241184966
580.444, 0.15193162393162257, 0.17314286536670156, 0.17211429388927563
580.466, 0.15268376068376097, 0.17348572252584354, 0.16971429377528174
580.466, 0.15268376068376097, 0.17154286529070564, 0.1702857223738517
580.466, 0.15268376068376097, 0.17154286529070564, 0.17382857968498552
580.466, 0.15268376068376097, 0.17131429385127767, 0.17314286536670156
580.466, 0.15268376068376097, 0.17337143680612957, 0.17200000816956162
580.488, 0.1534358974358994, 0.17405715112441353, 0.17314286536670156
580.488, 0.1534358974358994, 0.17142857957099164, 0.17165715101041965
580.488, 0.1534358974358994, 0.17142857957099164, 0.1723428653287036
580.488, 0.1534358974358994, 0.17142857957099164, 0.17177143673013365
580.488, 0.1534358974358994, 0.1709714366921357, 0.17382857968498552
580.51, 0.1541880341880339, 0.17074286525270768, 0.17337143680612957
580.51, 0.1541880341880339, 0.17062857953299368, 0.16971429377528174
580.51, 0.1541880341880339, 0.17062857953299368, 0.17200000816956162
580.51, 0.1541880341880339, 0.1684571508584278, 0.1722285796089896
580.51, 0.1541880341880339, 0.17177143673013365, 0.1725714367681316
580.532, 0.1549401709401723, 0.1722285796089896, 0.17314286536670156
580.532, 0.1549401709401723, 0.17382857968498552, 0.17280000820755959
580.532, 0.1549401709401723, 0.1724571510484176, 0.16982857949499572
580.532, 0.1549401709401723, 0.17062857953299368, 0.17142857957099164
580.532, 0.1549401709401723, 0.1745142940032695, 0.1725714367681316
580.554, 0.1556923076923068, 0.1702857223738517, 0.17177143673013365
580.554, 0.1556923076923068, 0.1723428653287036, 0.17108572241184966
580.554, 0.1556923076923068, 0.17268572248784558, 0.16868572229785578
580.554, 0.1556923076923068, 0.17142857957099164, 0.17382857968498552
580.554, 0.1556923076923068, 0.17131429385127767, 0.17371429396527155
580.576, 0.15644444444444522, 0.1724571510484176, 0.17325715108641557
580.576, 0.15644444444444522, 0.16971429377528174, 0.17280000820755959
580.576, 0.15644444444444522, 0.1685714365781418, 0.16960000805556774
580.576, 0.15644444444444522, 0.1709714366921357, 0.17314286536670156
580.576, 0.15644444444444522, 0.1723428653287036, 0.17348572252584354
580.598, 0.15719658119657973, 0.17325715108641557, 0.17131429385127767
580.598, 0.15719658119657973, 0.17360000824555755, 0.17142857957099164
580.598, 0.15719658119657973, 0.17085715097242168, 0.1724571510484176
580.598, 0.15719658119657973, 0.17108572241184966, 0.1722285796089896
580.598, 0.15719658119657973, 0.17280000820755959, 0.17085715097242168
580.62, 0.15794871794871812, 0.17325715108641557, 0.1705142938132797
580.62, 0.15794871794871812, 0.17131429385127767, 0.17085715097242168
580.62, 0.15794871794871812, 0.17302857964698756, 0.1729142939272736
580.62, 0.15794871794871812, 0.17188572244984762, 0.17360000824555755
580.62, 0.15794871794871812, 0.1704000080935657, 0.17188572244984762
580.642, 0.15870085470085651, 0.1724571510484176, 0.1709714366921357
580.642, 0.15870085470085651, 0.17074286525270768, 0.17062857953299368
580.642, 0.15870085470085651, 0.17154286529070564, 0.17017143665413773
580.642, 0.15870085470085651, 0.1722285796089896, 0.17211429388927563
580.642, 0.15870085470085651, 0.17120000813156366, 0.17268572248784558
580.664, 0.15945299145299102, 0.17108572241184966, 0.17200000816956162
580.664, 0.15945299145299102, 0.1747428654426975, 0.17211429388927563
580.664, 0.15945299145299102, 0.17165715101041965, 0.1723428653287036
580.664, 0.15945299145299102, 0.1722285796089896, 0.17302857964698756
580.664, 0.15945299145299102, 0.1704000080935657, 0.17371429396527155
580.686, 0.16020512820512944, 0.1705142938132797, 0.17508572260183947
580.686, 0.16020512820512944, 0.16925715089642576, 0.1704000080935657
580.686, 0.16020512820512944, 0.1724571510484176, 0.17165715101041965
580.686, 0.16020512820512944, 0.1723428653287036, 0.17588572263983743
580.686, 0.16020512820512944, 0.1723428653287036, 0.17062857953299368
580.708, 0.16095726495726395, 0.17360000824555755, 0.17382857968498552
580.708, 0.16095726495726395, 0.17154286529070564, 0.17371429396527155
580.708, 0.16095726495726395, 0.1745142940032695, 0.17280000820755959
580.708, 0.16095726495726395, 0.17177143673013365, 0.17302857964698756
580.708, 0.16095726495726395, 0.16937143661613976, 0.17302857964698756
580.73, 0.16170940170940235, 0.17405715112441353, 0.1742857225638415
580.73, 0.16170940170940235, 0.1725714367681316, 0.1722285796089896
580.73, 0.16170940170940235, 0.16994286521470972, 0.1742857225638415
580.73, 0.16170940170940235, 0.17314286536670156, 0.17417143684412753
580.73, 0.16170940170940235, 0.1742857225638415, 0.17337143680612957
580.752, 0.16246153846153685, 0.17177143673013365, 0.17108572241184966
580.752, 0.16246153846153685, 0.17280000820755959, 0.1705142938132797
580.752, 0.16246153846153685, 0.17142857957099164, 0.17462857972298348
580.752, 0.16246153846153685, 0.17280000820755959, 0.1742857225638415
580.752, 0.16246153846153685, 0.1709714366921357, 0.17314286536670156
580.774, 0.16321367521367527, 0.1702857223738517, 0.17108572241184966
580.774, 0.16321367521367527, 0.17211429388927563, 0.17314286536670156
580.774, 0.16321367521367527, 0.17280000820755959, 0.1745142940032695
580.774, 0.16321367521367527, 0.17371429396527155, 0.17085715097242168
580.774, 0.16321367521367527, 0.17382857968498552, 0.17120000813156366
580.796, 0.16396581196581367, 0.17188572244984762, 0.1705142938132797
580.796, 0.16396581196581367, 0.17417143684412753, 0.17314286536670156
580.796, 0.16396581196581367, 0.16982857949499572, 0.17348572252584354
580.796, 0.16396581196581367, 0.17417143684412753, 0.1744000082835555
580.796, 0.16396581196581367, 0.17188572244984762, 0.1749714368821255
580.818, 0.16471794871794818, 0.17085715097242168, 0.17417143684412753
580.818, 0.16471794871794818, 0.17360000824555755, 0.17462857972298348
580.818, 0.16471794871794818, 0.17588572263983743, 0.17360000824555755
580.818, 0.16471794871794818, 0.17371429396527155, 0.17337143680612957
580.818, 0.16471794871794818, 0.17268572248784558, 0.17371429396527155
580.84, 0.16547008547008657, 0.17565715120040945, 0.1769142941172634
580.84, 0.16547008547008657, 0.1748571511624115, 0.17280000820755959
580.84, 0.16547008547008657, 0.17531429404126747, 0.1729142939272736
580.84, 0.16547008547008657, 0.1748571511624115, 0.17268572248784558
580.84, 0.16547008547008657, 0.1763428655186934, 0.17325715108641557
580.862, 0.16622222222222108, 0.1748571511624115, 0.1745142940032695
580.862, 0.16622222222222108, 0.1747428654426975, 0.17268572248784558
580.862, 0.16622222222222108, 0.17417143684412753, 0.17371429396527155
580.862, 0.16622222222222108, 0.1725714367681316, 0.17405715112441353
580.862, 0.16622222222222108, 0.17382857968498552, 0.17360000824555755
580.884, 0.1669743589743595, 0.17462857972298348, 0.17360000824555755
580.884, 0.1669743589743595, 0.17417143684412753, 0.17542857976098145
580.884, 0.1669743589743595, 0.1747428654426975, 0.1742857225638415
580.884, 0.1669743589743595, 0.17120000813156366, 0.1763428655186934
580.884, 0.1669743589743595, 0.1709714366921357, 0.17268572248784558
580.906, 0.167726495726494, 0.17405715112441353, 0.17588572263983743
580.906, 0.167726495726494, 0.17337143680612957, 0.1744000082835555
580.906, 0.167726495726494, 0.17131429385127767, 0.1742857225638415
580.906, 0.167726495726494, 0.1724571510484176, 0.1729142939272736
580.906, 0.167726495726494, 0.1748571511624115, 0.1722285796089896
580.928, 0.1684786324786324, 0.17120000813156366, 0.17577143692012345
580.928, 0.1684786324786324, 0.17314286536670156, 0.17360000824555755
580.928, 0.1684786324786324, 0.17382857968498552, 0.17268572248784558
580.928, 0.1684786324786324, 0.17211429388927563, 0.1723428653287036
580.928, 0.1684786324786324, 0.17302857964698756, 0.17371429396527155
580.95, 0.1692307692307708, 0.17211429388927563, 0.17577143692012345
580.95, 0.1692307692307708, 0.17302857964698756, 0.17405715112441353
580.95, 0.1692307692307708, 0.1742857225638415, 0.17531429404126747
580.95, 0.1692307692307708, 0.17531429404126747, 0.17531429404126747
580.95, 0.1692307692307708, 0.1725714367681316, 0.17348572252584354
580.972, 0.1699829059829053, 0.17394286540469953, 0.17360000824555755
580.972, 0.1699829059829053, 0.17154286529070564, 0.17348572252584354
580.972, 0.1699829059829053, 0.17302857964698756, 0.17462857972298348
580.972, 0.1699829059829053, 0.17554286548069545, 0.1744000082835555
580.972, 0.1699829059829053, 0.17348572252584354, 0.17165715101041965
580.994, 0.17073504273504372, 0.17394286540469953, 0.17131429385127767
580.994, 0.17073504273504372, 0.17280000820755959, 0.1747428654426975
580.994, 0.17073504273504372, 0.17577143692012345, 0.1722285796089896
580.994, 0.17073504273504372, 0.17348572252584354, 0.1747428654426975
580.994, 0.17073504273504372, 0.17405715112441353, 0.17531429404126747
